Provider ID,Hospital Name,Address,City,State,ZIP Code,County Name,Phone Number,Door_To_Diag_Eval_2016,Door_To_Diag_Eval_2015,Door_To_Diag_Eval_2014,Door_To_Diag_Eval_2013,Always_Quiet_Night_2016,Always_Quiet_Night_2015,Always_Quiet_Night_2014,Always_Quiet_Night_2013,Always_Quiet_Night_2012,Always_Quiet_Night_2011,Always_Quiet_Night_2010,Always_Quiet_Night_2009,Always_Quiet_Night_2008,Sometimes_Quiet_2016,Sometimes_Quiet_2015,Sometimes_Quiet_Night_2014,Sometimes_Quiet_Night_2013,Sometimes_Quiet_Night_2012,Sometimes_Quiet_Night_2011,Sometimes_Quiet_Night_2010,Sometimes_Quiet_Night_2009,Sometimes_Quiet_Night_2008,Usually_Quiet_2016,Usually_Quiet_2015,Usually_Quiet_2014,Usually_Quiet_2013,Usually_Quiet_2012,Usually_Quiet_2011,Usually_Quiet_2010,Usually_Quiet_2009,Usually_Quiet_2008,Hospital_Rating_Low_2016,Hospital_Rating_Low_2015,Hospital_Rating_Low_2014,Hospital_Rating_Low_2013,Hospital_Rating_Low_2012,Hospital_Rating_Low_2011,Hospital_Rating_Low_2010,Hospital_Rating_Low_2009,Hospital_Rating_Low_2008,Hospital_Rating_Medium_2016,Hospital_Rating_Medium_2015,Hospital_Rating_Medium_2014,Hospital_Rating_Medium_2013,Hospital_Rating_Medium_2012,Hospital_Rating_Medium_2011,Hospital_Rating_Medium_2010,Hospital_Rating_Medium_2009,Hospital_Rating_Medium_2008,Hospital_Rating_High_2016,Hospital_Rating_High_2015,Hospital_Rating_High_2014,Hospital_Rating_High_2013,Hospital_Rating_High_2012,Hospital_Rating_High_2011,Hospital_Rating_High_2010,Hospital_Rating_High_2009,Hospital_Rating_High_2008,Recommend_Yes_2016,Recommend_Yes_2015,Recommend_Yes_2014,Recommend_Yes_2013,Recommend_Yes_2012,Recommend_Yes_2011,Recommend_Yes_2010,Recommend_Yes_2009,Recommend_Yes_2008,Recommend_Probably_2016,Recommend_Probably_2015,Recommend_Probably_2014,Recommend_Probably_2013,Recommend_Probably_2012,Recommend_Probably_2011,Recommend_Probably_2010,Recommend_Probably_2009,Recommend_Probably_2008,Recommend_No_2016,Recommend_No_2015,Recommend_No_2014,Recommend_No_2013,Recommend_No_2012,Recommend_No_2011,Recommend_No_2010,Recommend_No_2009,Recommend_No_2008
140001,GRAHAM HOSPITAL ASSOCIATION,210 WEST WALNUT STREET,CANTON,IL,61520,FULTON,3096475240,12,14,14,13,56,61,56,,,,,,,10,8,12,,,,,,,34,31,32,,,,,,,6,7,7,,,,,,,25,23,26,,,,,,,69,70,67,,,,,,,63,68,65,,,,,,,33,28,32,,,,,,,4,4,3,,,,,,
140002,ALTON MEMORIAL HOSPITAL,ONE MEMORIAL DRIVE,ALTON,IL,62002,MADISON,6184637300,40,47,22,40,63,61,65,,,,,,,7,11,8,,,,,,,30,30,27,,,,,,,5,5,6,,,,,,,24,21,20,,,,,,,71,74,74,,,,,,,71,76,76,,,,,,,26,20,21,,,,,,,3,4,3,,,,,,
140007,PRESENCE SAINT JOSEPH MEDICAL CENTER,333 N MADISON,JOLIET,IL,60435,WILL,8157257133,41,41,32,41,69,61,61,,,,,,,5,7,8,,,,,,,26,28,31,,,,,,,8,8,8,,,,,,,18,17,27,,,,,,,74,75,65,,,,,,,69,68,68,,,,,,,25,28,26,,,,,,,6,4,6,,,,,,
140008,LOYOLA GOTTLIEB MEMORIAL HOSPITAL,701 WEST NORTH AVE,MELROSE PARK,IL,60160,COOK,7084504924,44,59,97,64,55,61,50,,,,,,,13,12,16,,,,,,,32,34,34,,,,,,,12,11,12,,,,,,,26,28,30,,,,,,,62,61,58,,,,,,,62,61,61,,,,,,,29,32,31,,,,,,,9,7,8,,,,,,
140010,EVANSTON HOSPITAL,2650 RIDGE AVE,EVANSTON,IL,60201,COOK,8474328000,47,52,46,44,57,61,53,,,,,,,10,10,12,,,,,,,33,34,35,,,,,,,6,7,6,,,,,,,21,22,22,,,,,,,73,71,72,,,,,,,77,74,77,,,,,,,19,22,20,,,,,,,4,4,3,,,,,,
140011,HERRIN HOSPITAL,201 S 14TH ST,HERRIN,IL,62948,WILLIAMSON,6189422171,31,44,37,33,59,61,60,,,,,,,9,7,11,,,,,,,32,30,29,,,,,,,8,5,8,,,,,,,21,19,19,,,,,,,71,76,73,,,,,,,76,78,78,,,,,,,20,19,18,,,,,,,4,3,4,,,,,,
140012,KATHERINE SHAW BETHEA HOSPITAL,403 E 1ST ST,DIXON,IL,61021,LEE,8152885531,26,32,40,34,60,61,58,,,,,,,6,7,9,,,,,,,34,30,33,,,,,,,5,5,7,,,,,,,21,19,22,,,,,,,74,76,71,,,,,,,67,74,73,,,,,,,28,23,24,,,,,,,5,3,3,,,,,,
140013,PROCTOR HOSPITAL,5409 N KNOXVILLE AVE,PEORIA,IL,61614,PEORIA,3096911000,15,18,19,28,49,61,61,,,,,,,13,10,8,,,,,,,38,32,31,,,,,,,8,9,8,,,,,,,22,20,23,,,,,,,70,71,69,,,,,,,71,73,72,,,,,,,22,21,22,,,,,,,7,6,6,,,,,,
140015,BLESSING HOSPITAL,BROADWAY AT 11TH STREET,QUINCY,IL,62301,ADAMS,2172235811,28,21,22,33,62,61,55,,,,,,,7,11,9,,,,,,,31,32,36,,,,,,,6,6,6,,,,,,,21,23,23,,,,,,,73,71,71,,,,,,,70,67,70,,,,,,,27,29,27,,,,,,,3,4,3,,,,,,
140018,MT SINAI HOSPITAL MEDICAL CENTER,15TH STREET AT CALIFORNIA,CHICAGO,IL,60608,COOK,7732576751,71,80,78,79,57,61,58,,,,,,,17,14,12,,,,,,,26,24,30,,,,,,,15,14,13,,,,,,,31,31,28,,,,,,,54,55,59,,,,,,,52,56,60,,,,,,,37,34,32,,,,,,,11,10,8,,,,,,
140019,SHELBY MEMORIAL HOSPITAL,200 S CEDAR ST,SHELBYVILLE,IL,62565,SHELBY,2177743961,20,20,18,20,74,61,60,,,,,,,2,9,7,,,,,,,24,24,33,,,,,,,3,6,3,,,,,,,32,28,25,,,,,,,65,66,72,,,,,,,73,63,69,,,,,,,24,34,29,,,,,,,3,3,2,,,,,,
140029,COPLEY MEMORIAL HOSPITAL,2000 OGDEN AVENUE,AURORA,IL,60504,KANE,6309786200,37,37,35,37,53,61,54,,,,,,,12,12,13,,,,,,,35,36,33,,,,,,,6,6,7,,,,,,,19,22,21,,,,,,,75,72,72,,,,,,,77,73,76,,,,,,,19,23,20,,,,,,,4,4,4,,,,,,
140030,SHERMAN HOSPITAL,1425 NORTH RANDALL ROAD,ELGIN,IL,60123,KANE,8477429800,20,21,21,19,63,61,67,,,,,,,7,6,5,,,,,,,30,30,28,,,,,,,6,5,6,,,,,,,20,21,21,,,,,,,74,74,73,,,,,,,75,75,74,,,,,,,21,21,23,,,,,,,4,4,3,,,,,,
140032,ST ANTHONYS MEMORIAL HOSPITAL,503 N MAPLE STREET,EFFINGHAM,IL,62401,EFFINGHAM,2173422121,12,15,19,29,63,61,56,,,,,,,7,8,9,,,,,,,30,33,35,,,,,,,6,7,7,,,,,,,20,23,24,,,,,,,74,70,69,,,,,,,71,68,66,,,,,,,26,29,31,,,,,,,3,3,3,,,,,,
140033,VISTA MEDICAL CENTER WEST,2615 WASHINGTON ST,WAUKEGAN,IL,60085,LAKE,8472493900,12,14,10,18,Not Available,61,Not Available,,,,,,,Not Available,Not Available,Not Available,,,,,,,Not Available,Not Available,Not Available,,,,,,,Not Available,Not Available,Not Available,,,,,,,Not Available,Not Available,Not Available,,,,,,,Not Available,Not Available,Not Available,,,,,,,Not Available,Not Available,Not Available,,,,,,,Not Available,Not Available,Not Available,,,,,,,Not Available,Not Available,Not Available,,,,,,
140034,SSM HEALTH ST MARY'S HOSPITAL -CENTRALIA,400 NORTH PLEASANT AVENUE,CENTRALIA,IL,62801,MARION,6184366519,30,36,38,34,64,61,65,,,,,,,6,6,9,,,,,,,30,30,26,,,,,,,6,5,5,,,,,,,21,24,19,,,,,,,73,71,76,,,,,,,72,72,75,,,,,,,23,24,22,,,,,,,5,4,3,,,,,,
140040,GALESBURG COTTAGE HOSPITAL,695 N KELLOGG ST,GALESBURG,IL,61401,KNOX,3093454555,19,21,17,19,56,61,58,,,,,,,12,9,9,,,,,,,32,30,33,,,,,,,9,8,7,,,,,,,24,27,23,,,,,,,67,65,70,,,,,,,64,64,66,,,,,,,30,30,29,,,,,,,6,6,5,,,,,,
140043,CGH MEDICAL CENTER,100 EAST LEFEVRE ROAD,STERLING,IL,61081,WHITESIDE,8156250400,14,14,17,22,60,61,61,,,,,,,6,8,7,,,,,,,34,35,32,,,,,,,6,6,5,,,,,,,23,19,19,,,,,,,71,75,76,,,,,,,67,69,71,,,,,,,30,28,26,,,,,,,3,3,3,,,,,,
140046,GOOD SAMARITAN REGIONAL HLTH CENTER,1 GOOD SAMARITAN WAY,MOUNT VERNON,IL,62864,JEFFERSON,6188991469,30,32,38,33,66,61,67,,,,,,,8,9,7,,,,,,,26,30,26,,,,,,,7,8,6,,,,,,,16,18,18,,,,,,,77,74,76,,,,,,,77,73,75,,,,,,,18,23,21,,,,,,,5,4,4,,,,,,
140048,ADVOCATE TRINITY HOSPITAL,2320 E 93RD ST,CHICAGO,IL,60617,COOK,7739672000,82,79,76,80,62,61,64,,,,,,,10,11,10,,,,,,,28,27,26,,,,,,,13,15,10,,,,,,,24,25,24,,,,,,,63,60,66,,,,,,,56,57,62,,,,,,,34,33,31,,,,,,,10,10,7,,,,,,
140049,WEST SUBURBAN MEDICAL CENTER,3 ERIE COURT,OAK PARK,IL,60302,COOK,7083836200,46,68,50,26,58,61,60,,,,,,,15,14,12,,,,,,,27,26,28,,,,,,,10,9,10,,,,,,,30,30,29,,,,,,,60,61,61,,,,,,,63,60,60,,,,,,,28,31,32,,,,,,,9,9,8,,,,,,
140052,OSF SAINT ANTHONY'S HEALTH CENTER,ST ANTHONY'S WAY,ALTON,IL,62002,MADISON,6184652571,19,17,14,17,59,61,60,,,,,,,11,9,9,,,,,,,30,29,31,,,,,,,4,6,6,,,,,,,20,13,20,,,,,,,76,81,74,,,,,,,79,77,73,,,,,,,19,19,23,,,,,,,2,4,4,,,,,,
140053,ST JOHNS HOSPITAL,800 E CARPENTER ST,SPRINGFIELD,IL,62769,SANGAMON,2175446464,15,13,25,24,63,61,52,,,,,,,8,7,13,,,,,,,29,30,35,,,,,,,7,6,8,,,,,,,20,19,22,,,,,,,73,75,70,,,,,,,75,76,74,,,,,,,21,21,21,,,,,,,4,3,5,,,,,,
140054,MACNEAL  HOSPITAL,3249 SOUTH OAK PARK AVENUE,BERWYN,IL,60402,COOK,7087839100,28,32,22,35,50,61,50,,,,,,,16,16,16,,,,,,,34,33,34,,,,,,,12,11,9,,,,,,,25,25,23,,,,,,,63,64,68,,,,,,,60,62,66,,,,,,,33,31,28,,,,,,,7,7,6,,,,,,
140058,PASSAVANT AREA HOSPITAL,1600 W WALNUT ST,JACKSONVILLE,IL,62650,MORGAN,2172459551,26,33,41,36,55,61,58,,,,,,,9,11,10,,,,,,,36,36,32,,,,,,,6,6,7,,,,,,,22,26,22,,,,,,,72,68,71,,,,,,,69,72,66,,,,,,,28,25,30,,,,,,,3,3,4,,,,,,
140059,JERSEY COMMUNITY HOSPITAL,400 MAPLE SUMMIT ROAD,JERSEYVILLE,IL,62052,JERSEY,6184986402,25,30,20,16,74,61,66,,,,,,,5,4,3,,,,,,,21,22,31,,,,,,,4,6,7,,,,,,,22,21,21,,,,,,,74,73,72,,,,,,,65,71,66,,,,,,,33,26,32,,,,,,,2,3,2,,,,,,
140062,PALOS COMMUNITY HOSPITAL,12251 SOUTH 80TH AVENUE,PALOS HEIGHTS,IL,60463,COOK,7089234000,36,33,42,61,53,61,51,,,,,,,12,11,14,,,,,,,35,37,35,,,,,,,5,7,9,,,,,,,19,20,23,,,,,,,76,73,68,,,,,,,78,75,70,,,,,,,19,21,25,,,,,,,3,4,5,,,,,,
140063,RUSH OAK PARK HOSPITAL,520 S MAPLE AVE,OAK PARK,IL,60304,COOK,7083839300,35,34,24,20,65,61,65,,,,,,,7,6,9,,,,,,,28,28,26,,,,,,,5,6,6,,,,,,,22,21,21,,,,,,,73,73,73,,,,,,,72,72,73,,,,,,,26,25,23,,,,,,,2,3,4,,,,,,
50191,ST MARY MEDICAL CENTER,1050 LINDEN AVE,LONG BEACH,CA,90813,LOS ANGELES,5624919000,#N/A,#N/A,#N/A,#N/A,#N/A,61,#N/A,,,,,,,#N/A,#N/A,#N/A,,,,,,,#N/A,#N/A,#N/A,,,,,,,#N/A,#N/A,#N/A,,,,,,,#N/A,#N/A,#N/A,,,,,,,#N/A,#N/A,#N/A,,,,,,,#N/A,#N/A,#N/A,,,,,,,#N/A,#N/A,#N/A,,,,,,,#N/A,#N/A,#N/A,,,,,,
140065,ADVENTIST LA GRANGE MEMORIAL HOSPITAL,5101 S WILLOW SPRINGS RD,LA GRANGE,IL,60525,COOK,7083521200,29,25,25,29,64,61,63,,,,,,,7,7,7,,,,,,,29,29,30,,,,,,,4,4,4,,,,,,,19,18,18,,,,,,,77,78,78,,,,,,,78,80,79,,,,,,,19,18,18,,,,,,,3,2,3,,,,,,
50104,SAINT FRANCIS MEDICAL CENTER,3630 EAST IMPERIAL HIGHWAY,LYNWOOD,CA,90262,LOS ANGELES,3109008900,#N/A,#N/A,#N/A,#N/A,#N/A,61,#N/A,,,,,,,#N/A,#N/A,#N/A,,,,,,,#N/A,#N/A,#N/A,,,,,,,#N/A,#N/A,#N/A,,,,,,,#N/A,#N/A,#N/A,,,,,,,#N/A,#N/A,#N/A,,,,,,,#N/A,#N/A,#N/A,,,,,,,#N/A,#N/A,#N/A,,,,,,,#N/A,#N/A,#N/A,,,,,,
140068,ROSELAND COMMUNITY HOSPITAL,45 W 111TH STREET,CHICAGO,IL,60628,COOK,7739953000,100,100,78,71,51,61,54,,,,,,,20,15,21,,,,,,,29,29,25,,,,,,,35,33,31,,,,,,,35,30,29,,,,,,,30,37,40,,,,,,,28,28,36,,,,,,,42,48,39,,,,,,,30,24,25,,,,,,
140077,TOUCHETTE REGIONAL HOSPITAL INC,5900 BOND AVENUE,CENTREVILLE,IL,62207,SAINT CLAIR,6183323060,60,68,52,51,71,61,72,,,,,,,11,11,10,,,,,,,18,24,18,,,,,,,14,12,9,,,,,,,29,26,26,,,,,,,57,62,65,,,,,,,56,60,58,,,,,,,35,33,32,,,,,,,9,7,10,,,,,,
140080,PRESENCE SAINT FRANCIS HOSPITAL,355 RIDGE AVE,EVANSTON,IL,60202,COOK,8473164000,24,24,15,54,52,61,55,,,,,,,16,13,12,,,,,,,32,30,33,,,,,,,7,7,8,,,,,,,27,19,22,,,,,,,66,74,70,,,,,,,64,71,69,,,,,,,29,24,24,,,,,,,7,5,7,,,,,,
140082,LOUIS A WEISS MEMORIAL HOSPITAL,4646 N MARINE DRIVE,CHICAGO,IL,60640,COOK,7738788700,31,30,27,25,58,61,55,,,,,,,15,16,15,,,,,,,27,30,30,,,,,,,12,11,12,,,,,,,29,29,29,,,,,,,59,60,59,,,,,,,61,61,59,,,,,,,30,31,33,,,,,,,9,8,8,,,,,,
140083,LORETTO HOSPITAL,645 SOUTH CENTRAL AVE,CHICAGO,IL,60644,COOK,7736264300,15,14,38,49,Not Available,61,60,,,,,,,Not Available,14,18,,,,,,,Not Available,35,22,,,,,,,Not Available,17,28,,,,,,,Not Available,23,27,,,,,,,Not Available,60,45,,,,,,,Not Available,61,40,,,,,,,Not Available,30,42,,,,,,,Not Available,9,18,,,,,,
140084,VISTA MEDICAL CENTER EAST,1324 NORTH SHERIDAN ROAD,WAUKEGAN,IL,60085,LAKE,8473604000,22,26,16,21,56,61,56,,,,,,,14,16,14,,,,,,,30,31,30,,,,,,,13,13,11,,,,,,,27,29,28,,,,,,,60,58,61,,,,,,,54,53,58,,,,,,,34,35,33,,,,,,,12,12,9,,,,,,
140088,THE UNIVERSITY OF CHICAGO MEDICAL CENTER,5841 SOUTH MARYLAND,CHICAGO,IL,60637,COOK,7737021000,50,58,66,108,65,61,60,,,,,,,8,9,12,,,,,,,27,26,28,,,,,,,6,7,8,,,,,,,16,17,20,,,,,,,78,76,72,,,,,,,80,78,75,,,,,,,17,19,21,,,,,,,3,3,4,,,,,,
140089,MC DONOUGH DISTRICT HOSPITAL,525 EAST GRANT STREET,MACOMB,IL,61455,MCDONOUGH,3098334101,12,14,12,21,71,61,66,,,,,,,5,8,5,,,,,,,24,28,29,,,,,,,6,8,6,,,,,,,25,26,28,,,,,,,69,66,66,,,,,,,61,57,65,,,,,,,34,37,31,,,,,,,5,6,4,,,,,,
140091,THE CARLE FOUNDATION HOSPITAL,611 WEST PARK STREET,URBANA,IL,61801,CHAMPAIGN,2173833311,27,25,17,19,61,61,54,,,,,,,9,9,12,,,,,,,30,30,34,,,,,,,6,5,6,,,,,,,18,18,20,,,,,,,76,77,74,,,,,,,77,80,78,,,,,,,20,17,19,,,,,,,3,3,3,,,,,,
140093,PRESENCE UNITED SAMARITANS MEDICAL CENTER,812 N LOGAN,DANVILLE,IL,61832,VERMILION,2174435000,34,39,36,33,61,61,67,,,,,,,11,7,8,,,,,,,28,29,25,,,,,,,9,9,4,,,,,,,25,19,21,,,,,,,66,72,75,,,,,,,63,65,69,,,,,,,31,30,28,,,,,,,6,5,3,,,,,,
140095,SAINT ANTHONY HOSPITAL,2875 WEST 19TH STREET,CHICAGO,IL,60623,COOK,7735211710,60,79,69,102,57,61,55,,,,,,,11,15,11,,,,,,,32,25,34,,,,,,,9,12,11,,,,,,,27,26,27,,,,,,,64,62,62,,,,,,,68,64,61,,,,,,,27,28,31,,,,,,,5,8,8,,,,,,
140100,MIDWESTERN REGION MED CENTER,2520 ELISHA AVENUE,ZION,IL,60099,LAKE,8478724561,35,44,39,40,67,61,64,,,,,,,4,4,4,,,,,,,29,30,32,,,,,,,1,2,2,,,,,,,7,10,11,,,,,,,92,88,87,,,,,,,93,90,89,,,,,,,7,9,11,,,,,,,0,1,0,,,,,,
140101,MORRIS HOSPITAL & HEALTHCARE CENTERS,150 W HIGH ST,MORRIS,IL,60450,GRUNDY,8159422932,18,16,20,12,59,61,61,,,,,,,10,8,6,,,,,,,31,32,33,,,,,,,5,7,4,,,,,,,16,16,12,,,,,,,79,77,84,,,,,,,78,75,80,,,,,,,18,22,18,,,,,,,4,3,2,,,,,,
140103,ST BERNARD HOSPITAL,326 W 64TH ST,CHICAGO,IL,60621,COOK,7739623900,37,41,26,20,65,61,60,,,,,,,14,17,16,,,,,,,21,22,24,,,,,,,21,22,28,,,,,,,33,35,26,,,,,,,46,43,46,,,,,,,44,40,37,,,,,,,38,42,43,,,,,,,18,18,20,,,,,,
140110,OTTAWA REGIONAL HOSPITAL & HEALTHCARE CENTER,1100 EAST NORRIS DRIVE,OTTAWA,IL,61350,LA SALLE,8154333100,12,12,16,37,54,61,61,,,,,,,12,12,9,,,,,,,34,34,30,,,,,,,11,9,5,,,,,,,25,26,26,,,,,,,64,65,69,,,,,,,62,61,68,,,,,,,31,33,28,,,,,,,7,6,4,,,,,,
140113,PRESENCE COVENANT MEDICAL CENTER,1400 WEST PARK AVENUE,URBANA,IL,61801,CHAMPAIGN,2173372000,28,30,28,45,58,61,62,,,,,,,9,7,11,,,,,,,33,31,27,,,,,,,6,6,5,,,,,,,20,21,24,,,,,,,74,73,71,,,,,,,78,76,75,,,,,,,19,21,21,,,,,,,3,3,4,,,,,,
140114,SWEDISH COVENANT HOSPITAL,5145 N CALIFORNIA AVE,CHICAGO,IL,60625,COOK,7738788200,45,48,70,71,52,61,47,,,,,,,13,14,15,,,,,,,35,37,38,,,,,,,8,8,9,,,,,,,27,27,25,,,,,,,65,65,66,,,,,,,67,66,68,,,,,,,27,27,26,,,,,,,6,7,6,,,,,,
140115,THOREK MEMORIAL HOSPITAL,850 W IRVING PARK RD,CHICAGO,IL,60613,COOK,3125256780,17,22,28,26,53,61,66,,,,,,,13,18,11,,,,,,,34,34,23,,,,,,,16,19,13,,,,,,,23,26,30,,,,,,,61,55,57,,,,,,,59,52,56,,,,,,,31,34,35,,,,,,,10,14,9,,,,,,
140116,CENTEGRA HEALTH SYSTEM - MC HENRY HOSPITAL,4201 MEDICAL CENTER DRIVE,MCHENRY,IL,60050,MCHENRY,8153445000,55,55,51,42,53,61,46,,,,,,,15,16,18,,,,,,,32,35,36,,,,,,,8,9,12,,,,,,,22,23,23,,,,,,,70,68,65,,,,,,,68,67,66,,,,,,,27,28,28,,,,,,,5,5,6,,,,,,
140117,PRESENCE RESURRECTION MEDICAL CENTER,7435 W TALCOTT AVENUE,CHICAGO,IL,60631,COOK,7737748000,14,12,11,20,53,61,57,,,,,,,15,16,12,,,,,,,32,29,31,,,,,,,7,8,8,,,,,,,25,24,25,,,,,,,68,68,67,,,,,,,66,68,70,,,,,,,29,25,26,,,,,,,5,7,4,,,,,,
140118,METROSOUTH MEDICAL CENTER,12935 S GREGORY,BLUE ISLAND,IL,60406,COOK,7085972000,29,27,27,31,62,61,63,,,,,,,8,10,10,,,,,,,30,24,27,,,,,,,10,11,9,,,,,,,26,24,25,,,,,,,64,65,66,,,,,,,64,64,68,,,,,,,29,28,25,,,,,,,7,8,7,,,,,,
140119,RUSH UNIVERSITY MEDICAL CENTER,1653 WEST CONGRESS PARKWAY,CHICAGO,IL,60612,COOK,3129425000,70,56,66,129,68,61,70,,,,,,,6,6,5,,,,,,,26,25,25,,,,,,,4,5,4,,,,,,,16,15,16,,,,,,,80,80,80,,,,,,,83,83,83,,,,,,,15,14,15,,,,,,,2,3,2,,,,,,
140120,PEKIN MEMORIAL HOSPITAL,600 SOUTH 13TH STREET,PEKIN,IL,61554,TAZEWELL,3093471151,31,38,31,25,59,61,55,,,,,,,10,8,12,,,,,,,31,34,33,,,,,,,9,7,9,,,,,,,20,20,26,,,,,,,71,73,65,,,,,,,65,69,62,,,,,,,28,25,32,,,,,,,7,6,6,,,,,,
140122,ADVENTIST HINSDALE HOSPITAL,120 NORTH OAK ST,HINSDALE,IL,60521,DUPAGE,6308569000,25,27,28,31,63,61,59,,,,,,,8,8,9,,,,,,,29,29,32,,,,,,,5,5,5,,,,,,,16,18,16,,,,,,,79,77,79,,,,,,,80,80,80,,,,,,,17,17,17,,,,,,,3,3,3,,,,,,
140124,JOHN H STROGER JR HOSPITAL,1901 W HARRISON ST,CHICAGO,IL,60612,COOK,3128646000,51,57,132,170,54,61,53,,,,,,,18,16,20,,,,,,,28,31,27,,,,,,,11,12,14,,,,,,,25,29,32,,,,,,,64,59,54,,,,,,,69,66,61,,,,,,,25,29,33,,,,,,,6,5,6,,,,,,
140125,GATEWAY REGIONAL MEDICAL CENTER,2100 MADISON AVENUE,GRANITE CITY,IL,62040,MADISON,6187983175,19,20,18,25,53,61,61,,,,,,,14,12,11,,,,,,,33,33,28,,,,,,,12,12,12,,,,,,,29,26,25,,,,,,,59,62,63,,,,,,,54,54,57,,,,,,,36,34,34,,,,,,,10,12,9,,,,,,
140127,ADVOCATE BROMENN MEDICAL CENTER,1304 FRANKLIN AVENUE,NORMAL,IL,61761,MCLEAN,3094541400,16,16,20,39,64,61,62,,,,,,,7,7,9,,,,,,,29,32,29,,,,,,,4,5,5,,,,,,,17,17,17,,,,,,,79,78,78,,,,,,,81,79,80,,,,,,,17,19,17,,,,,,,2,2,3,,,,,,
140130,NORTHWESTERN LAKE FOREST HOSPITAL,660 N WESTMORELAND ROAD,LAKE FOREST,IL,60045,LAKE,8472345600,10,12,22,33,53,61,53,,,,,,,15,17,15,,,,,,,32,36,32,,,,,,,9,11,10,,,,,,,22,22,23,,,,,,,69,67,67,,,,,,,74,71,68,,,,,,,20,21,27,,,,,,,6,8,5,,,,,,
31313,HOLY CROSS HOSPITAL,1171 WEST TARGET RANGE ROAD,NOGALES,AZ,85621,SANTA CRUZ,5202853000,#N/A,#N/A,#N/A,#N/A,#N/A,61,#N/A,,,,,,,#N/A,#N/A,#N/A,,,,,,,#N/A,#N/A,#N/A,,,,,,,#N/A,#N/A,#N/A,,,,,,,#N/A,#N/A,#N/A,,,,,,,#N/A,#N/A,#N/A,,,,,,,#N/A,#N/A,#N/A,,,,,,,#N/A,#N/A,#N/A,,,,,,,#N/A,#N/A,#N/A,,,,,,
140135,DECATUR MEMORIAL HOSPITAL,2300 NORTH EDWARD STREET,DECATUR,IL,62526,MACON,2178778121,38,34,18,63,63,61,63,,,,,,,9,7,8,,,,,,,28,30,29,,,,,,,8,6,7,,,,,,,21,22,25,,,,,,,71,72,68,,,,,,,72,74,71,,,,,,,23,23,25,,,,,,,5,3,4,,,,,,
140137,GREENVILLE REGIONAL HOSPITAL,200 HEALTHCARE DR,GREENVILLE,IL,62246,BOND,6186641230,20,20,27,26,69,61,55,,,,,,,6,8,12,,,,,,,25,25,33,,,,,,,9,8,9,,,,,,,20,22,19,,,,,,,71,70,72,,,,,,,66,67,63,,,,,,,29,30,29,,,,,,,5,3,8,,,,,,
140143,ST MARGARETS HOSPITAL,600 E 1ST ST,SPRING VALLEY,IL,61362,BUREAU,8156641176,25,26,25,16,63,61,63,,,,,,,6,5,7,,,,,,,31,28,30,,,,,,,4,5,5,,,,,,,19,20,20,,,,,,,77,75,75,,,,,,,74,74,72,,,,,,,24,23,25,,,,,,,2,3,3,,,,,,
100075,ST JOSEPHS HOSPITAL,3001 W MARTIN LUTHER KING JR BLVD,TAMPA,FL,33677,HILLSBOROUGH,8138704398,#N/A,#N/A,#N/A,#N/A,#N/A,61,#N/A,,,,,,,#N/A,#N/A,#N/A,,,,,,,#N/A,#N/A,#N/A,,,,,,,#N/A,#N/A,#N/A,,,,,,,#N/A,#N/A,#N/A,,,,,,,#N/A,#N/A,#N/A,,,,,,,#N/A,#N/A,#N/A,,,,,,,#N/A,#N/A,#N/A,,,,,,,#N/A,#N/A,#N/A,,,,,,
140147,RICHLAND MEMORIAL HOSPITAL,800 EAST LOCUST,OLNEY,IL,62450,RICHLAND,6183952131,16,20,22,21,69,61,65,,,,,,,4,4,5,,,,,,,27,25,30,,,,,,,3,4,4,,,,,,,18,22,21,,,,,,,79,74,75,,,,,,,72,70,73,,,,,,,27,28,24,,,,,,,1,2,3,,,,,,
50557,MEMORIAL MEDICAL CENTER,1700 COFFEE RD,MODESTO,CA,95355,STANISLAUS,2095264500,#N/A,#N/A,#N/A,#N/A,#N/A,61,#N/A,,,,,,,#N/A,#N/A,#N/A,,,,,,,#N/A,#N/A,#N/A,,,,,,,#N/A,#N/A,#N/A,,,,,,,#N/A,#N/A,#N/A,,,,,,,#N/A,#N/A,#N/A,,,,,,,#N/A,#N/A,#N/A,,,,,,,#N/A,#N/A,#N/A,,,,,,,#N/A,#N/A,#N/A,,,,,,
140150,UNIVERSITY OF ILLINOIS HOSPITAL,1740 WEST TAYLOR ST SUITE 1400,CHICAGO,IL,60612,COOK,3129963900,71,70,57,75,56,61,56,,,,,,,16,16,15,,,,,,,28,28,29,,,,,,,11,11,14,,,,,,,26,28,28,,,,,,,63,61,58,,,,,,,64,63,63,,,,,,,30,30,26,,,,,,,6,7,11,,,,,,
140155,PRESENCE ST MARYS HOSPITAL,500 W COURT ST,KANKAKEE,IL,60901,KANKAKEE,8159372490,28,29,27,31,62,61,66,,,,,,,8,8,7,,,,,,,30,33,27,,,,,,,3,6,5,,,,,,,19,19,17,,,,,,,78,75,78,,,,,,,79,73,79,,,,,,,18,22,18,,,,,,,3,5,3,,,,,,
140158,MERCY HOSPITAL AND MEDICAL CENTER,2525 S MICHIGAN AVE,CHICAGO,IL,60616,COOK,3125672000,19,17,22,45,60,61,60,,,,,,,14,14,14,,,,,,,26,28,26,,,,,,,14,15,9,,,,,,,30,28,23,,,,,,,56,57,68,,,,,,,57,59,65,,,,,,,34,32,30,,,,,,,9,9,5,,,,,,
140160,FHN MEMORIAL HOSPITAL,1045 WEST STEPHENSON STREET,FREEPORT,IL,61032,STEPHENSON,8152354131,26,30,24,28,63,61,59,,,,,,,6,7,7,,,,,,,31,30,34,,,,,,,6,7,6,,,,,,,27,26,29,,,,,,,67,67,65,,,,,,,62,64,60,,,,,,,33,31,36,,,,,,,5,5,4,,,,,,
140161,SAINT JAMES HOSPITAL,2500 WEST REYNOLDS STREET,PONTIAC,IL,61764,LIVINGSTON,8158422828,8,8,9,10,65,61,66,,,,,,,8,11,5,,,,,,,27,28,29,,,,,,,3,4,6,,,,,,,17,19,20,,,,,,,80,77,74,,,,,,,77,74,67,,,,,,,22,23,31,,,,,,,1,3,2,,,,,,
140162,ST JOSEPH MEDICAL CENTER,2200 E WASHINGTON,BLOOMINGTON,IL,61701,MCLEAN,3096623311,29,30,25,42,66,61,65,,,,,,,6,7,7,,,,,,,28,28,28,,,,,,,5,5,4,,,,,,,15,16,15,,,,,,,80,79,81,,,,,,,80,80,83,,,,,,,17,18,15,,,,,,,3,2,2,,,,,,
140164,MEMORIAL HOSPITAL OF CARBONDALE,405 W JACKSON,CARBONDALE,IL,62902,JACKSON,6185490721,29,39,29,30,59,61,62,,,,,,,10,9,9,,,,,,,31,29,29,,,,,,,6,6,6,,,,,,,18,21,21,,,,,,,76,73,73,,,,,,,78,77,76,,,,,,,19,20,21,,,,,,,3,3,3,,,,,,
140166,ST MARYS HOSPITAL,1800 E LAKE SHORE DR,DECATUR,IL,62521,MACON,2174647000,24,26,46,41,63,61,62,,,,,,,7,8,8,,,,,,,30,28,30,,,,,,,7,7,8,,,,,,,20,20,19,,,,,,,73,73,73,,,,,,,75,75,76,,,,,,,21,21,19,,,,,,,4,4,5,,,,,,
140167,IROQUOIS MEMORIAL HOSPITAL,200 FAIRMAN STREET,WATSEKA,IL,60970,IROQUOIS,8154325201,15,15,17,15,64,61,55,,,,,,,8,9,9,,,,,,,28,28,36,,,,,,,13,7,8,,,,,,,13,13,26,,,,,,,74,80,66,,,,,,,62,63,64,,,,,,,28,34,30,,,,,,,10,3,6,,,,,,
140172,FRANCISCAN ST JAMES HEALTH,20201 S CRAWFORD AVENUE,OLYMPIA FIELDS,IL,60461,COOK,7087474000,31,30,36,32,61,61,52,,,,,,,10,14,15,,,,,,,29,26,33,,,,,,,10,13,16,,,,,,,28,23,28,,,,,,,62,64,56,,,,,,,64,66,57,,,,,,,31,25,30,,,,,,,5,9,13,,,,,,
140174,PRESENCE MERCY MEDICAL CENTER,1325 N HIGHLAND AVENUE,AURORA,IL,60506,KANE,6308592222,32,33,31,40,61,61,70,,,,,,,8,8,4,,,,,,,31,35,26,,,,,,,9,11,9,,,,,,,22,22,25,,,,,,,69,67,66,,,,,,,71,67,67,,,,,,,24,24,28,,,,,,,5,9,5,,,,,,
140176,CENTEGRA HEALTH SYSTEM - WOODSTOCK HOSPITAL,3701 DOTY ROAD,WOODSTOCK,IL,60098,MCHENRY,8157885823,36,28,40,31,54,61,52,,,,,,,12,14,14,,,,,,,34,34,34,,,,,,,10,10,10,,,,,,,27,25,24,,,,,,,63,65,66,,,,,,,65,65,68,,,,,,,28,28,26,,,,,,,7,7,6,,,,,,
140177,JACKSON PARK HOSPITAL,7531 S STONY ISLAND AVE,CHICAGO,IL,60649,COOK,7739477500,0,0,0,0,55,61,52,,,,,,,23,27,25,,,,,,,22,25,23,,,,,,,30,30,27,,,,,,,34,33,37,,,,,,,36,37,36,,,,,,,35,39,38,,,,,,,33,34,38,,,,,,,32,27,24,,,,,,
140179,LITTLE COMPANY OF MARY HOSPITAL,2800 W 95TH ST,EVERGREEN PARK,IL,60805,COOK,7084226200,64,45,34,53,61,61,61,,,,,,,12,13,12,,,,,,,27,26,27,,,,,,,8,7,5,,,,,,,22,24,19,,,,,,,70,69,76,,,,,,,71,73,75,,,,,,,24,23,21,,,,,,,5,4,4,,,,,,
140180,PRESENCE SAINTS MARY AND ELIZABETH MEDICAL CENTER,2233 W DIVISION ST,CHICAGO,IL,60622,COOK,3127702000,56,45,36,24,65,61,58,,,,,,,9,10,12,,,,,,,26,24,30,,,,,,,6,6,11,,,,,,,22,16,25,,,,,,,72,78,64,,,,,,,74,77,69,,,,,,,22,19,26,,,,,,,4,4,5,,,,,,
140181,SOUTH SHORE HOSPITAL,8012 SOUTH CRANDON AVENUE,CHICAGO,IL,60617,COOK,7737680810,60,42,22,29,64,61,63,,,,,,,15,15,17,,,,,,,21,21,20,,,,,,,17,16,21,,,,,,,28,30,33,,,,,,,55,54,46,,,,,,,54,51,44,,,,,,,30,35,41,,,,,,,16,14,15,,,,,,
140182,ADVOCATE ILLINOIS MASONIC MEDICAL CENTER,836 WEST WELLINGTON AVENUE,CHICAGO,IL,60657,COOK,7739751600,52,50,44,83,58,61,56,,,,,,,13,15,14,,,,,,,29,30,30,,,,,,,7,7,7,,,,,,,21,23,22,,,,,,,72,70,71,,,,,,,74,72,72,,,,,,,21,24,23,,,,,,,5,4,5,,,,,,
140184,HEARTLAND REGIONAL MEDICAL CENTER,3333 W DE YOUNG,MARION,IL,62959,WILLIAMSON,6189987000,21,23,20,22,61,61,54,,,,,,,8,9,14,,,,,,,31,28,32,,,,,,,9,8,11,,,,,,,23,22,22,,,,,,,68,70,67,,,,,,,64,66,61,,,,,,,29,27,29,,,,,,,7,7,10,,,,,,
140185,MEMORIAL HOSPITAL,4500 MEMORIAL DRIVE,BELLEVILLE,IL,62226,SAINT CLAIR,6182337750,18,14,12,13,56,61,61,,,,,,,12,12,10,,,,,,,32,32,29,,,,,,,7,7,5,,,,,,,21,21,19,,,,,,,72,72,76,,,,,,,74,73,79,,,,,,,22,24,19,,,,,,,4,3,2,,,,,,
140186,RIVERSIDE MEDICAL CENTER,350 N WALL ST,KANKAKEE,IL,60901,KANKAKEE,8159331671,23,24,32,29,64,61,61,,,,,,,8,10,11,,,,,,,28,30,28,,,,,,,6,5,7,,,,,,,17,18,19,,,,,,,77,77,74,,,,,,,79,75,75,,,,,,,18,21,22,,,,,,,3,4,3,,,,,,
140187,ST ELIZABETH HOSPITAL,211 S THIRD ST,BELLEVILLE,IL,62220,SAINT CLAIR,6182342120,18,20,20,34,61,61,59,,,,,,,9,10,11,,,,,,,30,30,30,,,,,,,7,10,7,,,,,,,24,22,23,,,,,,,69,68,70,,,,,,,68,67,70,,,,,,,27,28,26,,,,,,,5,5,4,,,,,,
140189,SARAH BUSH LINCOLN HEALTH CENTER,1000 HEALTH CENTER DRIVE P O BOX 372,MATTOON,IL,61938,COLES,2172582572,18,20,14,27,65,61,60,,,,,,,7,8,9,,,,,,,28,29,31,,,,,,,5,4,5,,,,,,,20,20,16,,,,,,,75,76,79,,,,,,,73,73,75,,,,,,,24,24,23,,,,,,,3,3,2,,,,,,
140191,INGALLS MEMORIAL HOSPITAL,ONE INGALLS DRIVE,HARVEY,IL,60426,COOK,7083332300,36,46,10,9,59,61,56,,,,,,,13,15,17,,,,,,,28,28,27,,,,,,,9,8,12,,,,,,,25,25,25,,,,,,,66,67,63,,,,,,,67,67,65,,,,,,,26,28,30,,,,,,,7,5,5,,,,,,
140197,METHODIST HOSPITAL OF CHICAGO,5025 N PAULINA STREET,CHICAGO,IL,60640,COOK,7732719040,14,8,7,9,69,61,63,,,,,,,8,3,8,,,,,,,23,20,29,,,,,,,8,5,3,,,,,,,21,19,33,,,,,,,71,76,64,,,,,,,79,73,62,,,,,,,17,24,33,,,,,,,4,3,5,,,,,,
140200,ELMHURST MEMORIAL HOSPITAL,155 EAST BRUSH HILL ROAD,ELMHURST,IL,60126,DUPAGE,6308331400,24,24,19,18,66,61,70,,,,,,,4,4,4,,,,,,,30,25,26,,,,,,,6,5,7,,,,,,,16,17,16,,,,,,,78,78,77,,,,,,,78,80,77,,,,,,,18,17,19,,,,,,,4,3,4,,,,,,
140202,ADVOCATE CONDELL MEDICAL CENTER,801 S MILWAUKEE AVE,LIBERTYVILLE,IL,60048,LAKE,8479905200,26,33,30,23,61,61,60,,,,,,,8,9,9,,,,,,,31,31,31,,,,,,,6,6,6,,,,,,,21,22,22,,,,,,,73,72,72,,,,,,,73,73,73,,,,,,,23,23,23,,,,,,,4,4,4,,,,,,
140206,NORWEGIAN-AMERICAN HOSPITAL,1044 N FRANCISCO AVE,CHICAGO,IL,60622,COOK,7732928200,24,20,18,12,54,61,54,,,,,,,17,18,20,,,,,,,29,26,26,,,,,,,12,14,21,,,,,,,34,32,28,,,,,,,54,54,51,,,,,,,52,54,49,,,,,,,38,35,36,,,,,,,10,11,15,,,,,,
140208,ADVOCATE CHRIST HOSPITAL & MEDICAL CENTER,4440 W 95TH STREET,OAK LAWN,IL,60453,COOK,7086848000,77,78,77,95,53,61,55,,,,,,,14,14,13,,,,,,,33,34,32,,,,,,,8,8,7,,,,,,,22,22,20,,,,,,,70,70,73,,,,,,,71,71,74,,,,,,,24,25,22,,,,,,,5,4,4,,,,,,
140209,METHODIST MEDICAL CENTER OF ILLINOIS,221 N E GLEN OAK AVE,PEORIA,IL,61636,PEORIA,3096725522,30,27,24,22,55,61,63,,,,,,,11,7,9,,,,,,,34,33,28,,,,,,,7,7,7,,,,,,,19,15,18,,,,,,,74,78,75,,,,,,,74,77,79,,,,,,,21,19,17,,,,,,,5,4,4,,,,,,
140210,HARRISBURG MEDICAL CENTER,100 DOCTOR WARREN TUTTLE DR,HARRISBURG,IL,62946,SALINE,6182537671,49,47,44,35,59,61,60,,,,,,,7,12,8,,,,,,,34,32,32,,,,,,,10,12,5,,,,,,,22,24,26,,,,,,,68,64,69,,,,,,,61,64,67,,,,,,,31,27,29,,,,,,,8,9,4,,,,,,
140211,DELNOR COMMUNITY HOSPITAL,300 RANDALL RD,GENEVA,IL,60134,KANE,6302083000,24,23,28,36,53,61,59,,,,,,,8,9,9,,,,,,,39,35,32,,,,,,,7,6,6,,,,,,,17,20,17,,,,,,,76,74,77,,,,,,,77,73,75,,,,,,,20,22,22,,,,,,,3,5,3,,,,,,
140213,SILVER CROSS HOSPITAL  AND MEDICAL CENTERS,1900 SILVER CROSS BLVD,NEW LENOX,IL,60451,WILL,8153001100,56,50,60,55,66,61,67,,,,,,,6,6,8,,,,,,,28,28,25,,,,,,,6,5,6,,,,,,,14,16,17,,,,,,,80,79,77,,,,,,,81,80,78,,,,,,,16,17,18,,,,,,,3,3,4,,,,,,
140217,PRESENCE SAINT JOSEPH HOSPITAL - ELGIN,77 N AIRLITE STREET,ELGIN,IL,60123,KANE,8476953200,20,22,16,23,62,61,60,,,,,,,8,10,11,,,,,,,30,31,29,,,,,,,8,8,11,,,,,,,18,19,17,,,,,,,74,73,72,,,,,,,73,75,68,,,,,,,23,19,26,,,,,,,4,6,6,,,,,,
140223,ADVOCATE LUTHERAN GENERAL HOSPITAL,1775 DEMPSTER ST,PARK RIDGE,IL,60068,COOK,8477232210,47,54,41,52,56,61,59,,,,,,,11,11,10,,,,,,,33,31,31,,,,,,,5,6,5,,,,,,,18,17,17,,,,,,,77,77,78,,,,,,,79,79,80,,,,,,,18,18,17,,,,,,,3,3,3,,,,,,
140224,PRESENCE SAINT JOSEPH HOSPITAL - CHICAGO,2900 NORTH LAKE SHORE DRIVE,CHICAGO,IL,60657,COOK,7736653000,6,6,4,10,57,61,59,,,,,,,16,13,9,,,,,,,27,26,32,,,,,,,8,8,6,,,,,,,23,22,20,,,,,,,69,70,74,,,,,,,74,74,75,,,,,,,21,20,18,,,,,,,5,6,7,,,,,,
140228,SWEDISH AMERICAN HOSPITAL,1401 EAST STATE STREET,ROCKFORD,IL,61104,WINNEBAGO,8159684400,24,27,25,28,56,61,54,,,,,,,11,12,11,,,,,,,33,34,35,,,,,,,6,6,7,,,,,,,19,20,21,,,,,,,75,74,72,,,,,,,77,77,77,,,,,,,19,20,20,,,,,,,4,3,3,,,,,,
140231,EDWARD HOSPITAL,801 SOUTH WASHINGTON,NAPERVILLE,IL,60540,DUPAGE,6305273000,15,12,11,11,59,61,54,,,,,,,11,9,11,,,,,,,30,31,35,,,,,,,6,6,6,,,,,,,22,20,19,,,,,,,72,74,75,,,,,,,78,77,80,,,,,,,19,20,17,,,,,,,3,3,3,,,,,,
140233,SAINT ANTHONY MEDICAL CENTER,5666 EAST STATE STREET,ROCKFORD,IL,61108,WINNEBAGO,8152262000,15,13,17,26,45,61,44,,,,,,,18,17,17,,,,,,,37,38,39,,,,,,,9,8,8,,,,,,,23,22,21,,,,,,,68,70,71,,,,,,,73,73,74,,,,,,,23,22,23,,,,,,,4,5,3,,,,,,
140234,ILLINOIS VALLEY COMMUNITY HOSPITAL,925 WEST ST,PERU,IL,61354,LA SALLE,8152233300,16,17,9,12,57,61,56,,,,,,,9,11,10,,,,,,,34,35,34,,,,,,,5,5,5,,,,,,,16,16,18,,,,,,,79,79,77,,,,,,,78,80,79,,,,,,,20,17,19,,,,,,,2,3,2,,,,,,
140239,ROCKFORD MEMORIAL HOSPITAL,2400 NORTH ROCKTON AVENUE,ROCKFORD,IL,61103,WINNEBAGO,8159686861,58,64,56,62,62,61,59,,,,,,,8,7,10,,,,,,,30,32,31,,,,,,,6,7,7,,,,,,,20,22,23,,,,,,,74,71,70,,,,,,,73,73,71,,,,,,,23,23,25,,,,,,,4,4,4,,,,,,
140240,WESTLAKE COMMUNITY HOSPITAL,1225 LAKE ST,MELROSE PARK,IL,60160,COOK,7089384000,24,28,34,44,53,61,51,,,,,,,14,15,19,,,,,,,33,29,30,,,,,,,12,10,13,,,,,,,30,32,27,,,,,,,58,58,60,,,,,,,55,59,57,,,,,,,36,34,34,,,,,,,9,7,9,,,,,,
140242,CENTRAL DUPAGE HOSPITAL,25 NORTH WINFIELD ROAD,WINFIELD,IL,60190,DUPAGE,6306821600,24,23,23,58,64,61,66,,,,,,,8,5,4,,,,,,,28,28,30,,,,,,,5,7,4,,,,,,,15,15,12,,,,,,,80,78,84,,,,,,,84,82,83,,,,,,,13,15,14,,,,,,,3,3,3,,,,,,
140250,ADVOCATE SOUTH SUBURBAN HOSPITAL,17800 S KEDZIE AVE,HAZEL CREST,IL,60429,COOK,7087998000,47,39,57,75,54,61,55,,,,,,,15,14,16,,,,,,,31,32,29,,,,,,,10,9,10,,,,,,,26,28,23,,,,,,,64,63,67,,,,,,,65,64,66,,,,,,,29,31,28,,,,,,,6,5,6,,,,,,
140251,COMMUNITY FIRST MEDICAL CENTER,5645 W ADDISON STREET,CHICAGO,IL,60634,COOK,7732827000,25,37,33,25,44,61,48,,,,,,,21,24,23,,,,,,,35,30,29,,,,,,,14,17,12,,,,,,,31,31,29,,,,,,,55,52,59,,,,,,,53,50,60,,,,,,,36,37,33,,,,,,,11,13,7,,,,,,
140252,NORTHWEST COMMUNITY HOSPITAL 1,800 W CENTRAL ROAD,ARLINGTON HEIGHTS,IL,60005,COOK,8476181000,15,17,25,53,58,61,62,,,,,,,9,9,8,,,,,,,33,32,30,,,,,,,6,7,6,,,,,,,23,20,21,,,,,,,71,73,73,,,,,,,73,73,77,,,,,,,23,23,20,,,,,,,4,4,3,,,,,,
140258,ALEXIAN BROTHERS MEDICAL CENTER 1,800 W BIESTERFIELD RD,ELK GROVE VILLAGE,IL,60007,COOK,8474375500,26,26,22,21,58,61,57,,,,,,,9,8,11,,,,,,,33,33,32,,,,,,,5,5,6,,,,,,,18,19,20,,,,,,,77,76,74,,,,,,,78,79,76,,,,,,,19,17,20,,,,,,,3,4,4,,,,,,
140275,GENESIS HEALTH SYSTEM,801 ILLINI DRIVE,SILVIS,IL,61282,ROCK ISLAND,3097929363,30,31,24,26,56,61,55,,,,,,,8,7,9,,,,,,,36,39,36,,,,,,,7,7,7,,,,,,,26,28,19,,,,,,,67,65,74,,,,,,,68,68,70,,,,,,,27,27,26,,,,,,,5,5,4,,,,,,
140276,LOYOLA UNIVERSITY MEDICAL CENTER,2160 S 1ST AVENUE,MAYWOOD,IL,60153,COOK,7082169000,44,47,54,64,51,61,50,,,,,,,15,16,17,,,,,,,34,34,33,,,,,,,9,10,9,,,,,,,21,22,23,,,,,,,70,68,68,,,,,,,72,72,73,,,,,,,22,23,22,,,,,,,6,5,5,,,,,,
140280,TRINITY ROCK ISLAND,2701 17TH ST,ROCK ISLAND,IL,61201,ROCK ISLAND,3097795000,25,25,20,23,51,61,55,,,,,,,14,16,12,,,,,,,35,36,33,,,,,,,10,10,8,,,,,,,23,24,25,,,,,,,67,66,67,,,,,,,67,65,69,,,,,,,27,29,27,,,,,,,6,6,4,,,,,,
140281,NORTHWESTERN MEMORIAL HOSPITAL,251 E HURON ST,CHICAGO,IL,60611,COOK,3129262000,48,37,37,47,64,61,64,,,,,,,8,9,9,,,,,,,28,27,27,,,,,,,5,7,6,,,,,,,19,19,18,,,,,,,76,74,76,,,,,,,80,79,80,,,,,,,17,17,17,,,,,,,3,4,3,,,,,,
140286,KISHWAUKEE COMMUNITY HOSPITAL,ONE KISH HOSPITAL DRIVE,DEKALB,IL,60115,DEKALB,8157561521,10,16,19,40,56,61,59,,,,,,,10,9,7,,,,,,,34,34,34,,,,,,,7,7,6,,,,,,,22,22,20,,,,,,,71,71,74,,,,,,,70,68,70,,,,,,,26,28,26,,,,,,,4,4,4,,,,,,
140288,ADVOCATE GOOD SAMARITAN HOSPITAL,3815 HIGHLAND AVENUE,DOWNERS GROVE,IL,60515,DUPAGE,6302755900,35,44,39,40,53,61,54,,,,,,,15,14,13,,,,,,,32,34,33,,,,,,,8,8,6,,,,,,,20,21,21,,,,,,,72,71,73,,,,,,,75,74,76,,,,,,,21,21,21,,,,,,,4,5,3,,,,,,
140289,ANDERSON HOSPITAL,6800 STATE ROUTE 162,MARYVILLE,IL,62062,MADISON,6182885711,45,48,40,45,50,61,62,,,,,,,14,9,8,,,,,,,36,37,30,,,,,,,7,5,6,,,,,,,25,22,21,,,,,,,68,73,73,,,,,,,67,71,75,,,,,,,27,25,22,,,,,,,6,4,3,,,,,,
140290,ST ALEXIUS MEDICAL CENTER,1555 N BARRINGTON RD,HOFFMAN ESTATES,IL,60194,COOK,8478432000,33,36,28,39,57,61,54,,,,,,,11,8,13,,,,,,,32,31,33,,,,,,,8,7,7,,,,,,,19,19,23,,,,,,,73,74,70,,,,,,,74,76,74,,,,,,,21,20,21,,,,,,,5,4,5,,,,,,
140291,ADVOCATE GOOD SHEPHERD HOSPITAL,450 WEST HIGHWAY 22,BARRINGTON,IL,60010,LAKE,8473819600,27,40,50,59,47,61,50,,,,,,,17,17,16,,,,,,,36,36,34,,,,,,,9,10,8,,,,,,,21,21,20,,,,,,,70,69,72,,,,,,,72,71,76,,,,,,,23,23,19,,,,,,,5,6,5,,,,,,
140292,ADVENTIST GLENOAKS,701 WINTHROP AVENUE,GLENDALE HEIGHTS,IL,60139,DUPAGE,6305456160,17,18,17,27,57,61,51,,,,,,,10,11,15,,,,,,,33,32,34,,,,,,,15,11,15,,,,,,,23,27,25,,,,,,,62,62,60,,,,,,,58,64,58,,,,,,,31,27,31,,,,,,,11,9,11,,,,,,
140294,CROSSROADS COMMUNITY HOSPITAL,8 DOCTORS PARK ROAD,MOUNT VERNON,IL,62864,JEFFERSON,6182445500,14,18,19,8,60,61,69,,,,,,,7,7,4,,,,,,,33,28,27,,,,,,,9,7,8,,,,,,,21,21,20,,,,,,,70,72,72,,,,,,,70,71,72,,,,,,,24,23,22,,,,,,,6,6,6,,,,,,
140300,PROVIDENT HOSPITAL OF CHICAGO,500 E 51ST ST,CHICAGO,IL,60615,COOK,3125722000,51,68,104,122,87,61,77,,,,,,,6,2,6,,,,,,,7,18,17,,,,,,,11,12,7,,,,,,,29,28,29,,,,,,,60,60,64,,,,,,,61,70,63,,,,,,,29,26,34,,,,,,,10,4,3,,,,,,
140304,ADVENTIST BOLINGBROOK HOSPITAL,500 REMINGTON BOULEVARD,BOLINGBROOK,IL,60440,WILL,6302268100,30,29,30,30,62,61,67,,,,,,,9,8,7,,,,,,,29,25,26,,,,,,,9,9,8,,,,,,,23,20,20,,,,,,,68,71,72,,,,,,,65,71,70,,,,,,,28,21,25,,,,,,,7,8,5,,,,,,
140307,METRO-EAST SERVICES INC,1404 CROSS STREET,SHILOH,IL,62269,SAINT CLAIR,6186071000,Not Available,#N/A,#N/A,#N/A,Not Available,61,#N/A,,,,,,,Not Available,#N/A,#N/A,,,,,,,Not Available,#N/A,#N/A,,,,,,,Not Available,#N/A,#N/A,,,,,,,Not Available,#N/A,#N/A,,,,,,,Not Available,#N/A,#N/A,,,,,,,Not Available,#N/A,#N/A,,,,,,,Not Available,#N/A,#N/A,,,,,,,Not Available,#N/A,#N/A,,,,,,
141300,THOMAS H BOYD MEMORIAL HOSPITAL,800 SCHOOL ST,CARROLLTON,IL,62016,GREENE,2179426946,Not Available,#N/A,#N/A,#N/A,Not Available,61,Not Available,,,,,,,Not Available,Not Available,Not Available,,,,,,,Not Available,Not Available,Not Available,,,,,,,Not Available,Not Available,Not Available,,,,,,,Not Available,Not Available,Not Available,,,,,,,Not Available,Not Available,Not Available,,,,,,,Not Available,Not Available,Not Available,,,,,,,Not Available,Not Available,Not Available,,,,,,,Not Available,Not Available,Not Available,,,,,,
141301,KIRBY MEDICAL CENTER,1111 N STATE ST,MONTICELLO,IL,61856,PIATT,2177622115,Not Available,#N/A,#N/A,#N/A,84,61,65,,,,,,,4,2,6,,,,,,,12,15,29,,,,,,,0,3,5,,,,,,,7,4,15,,,,,,,93,93,80,,,,,,,94,86,76,,,,,,,6,14,19,,,,,,,0,0,5,,,,,,
141302,MIDWEST MEDICAL CENTER,ONE MEDICAL CENTER DRIVE,GALENA,IL,61036,JO DAVIESS,8157771340,Not Available,#N/A,#N/A,#N/A,70,61,Not Available,,,,,,,5,Not Available,Not Available,,,,,,,25,Not Available,Not Available,,,,,,,5,Not Available,Not Available,,,,,,,16,Not Available,Not Available,,,,,,,79,Not Available,Not Available,,,,,,,76,Not Available,Not Available,,,,,,,23,Not Available,Not Available,,,,,,,1,Not Available,Not Available,,,,,,
141303,DR JOHN WARNER HOSPITAL,422 W WHITE ST,CLINTON,IL,61727,DEWITT,2179359571,Not Available,Not Available,Not Available,Not Available,74,61,Not Available,,,,,,,2,9,Not Available,,,,,,,24,34,Not Available,,,,,,,9,11,Not Available,,,,,,,25,37,Not Available,,,,,,,66,52,Not Available,,,,,,,62,54,Not Available,,,,,,,33,40,Not Available,,,,,,,5,6,Not Available,,,,,,
141304,"GENESIS MEDICAL CENTER, ALEDO",409 NW 9TH AVENUE,ALEDO,IL,61231,MERCER,3095825301,Not Available,#N/A,#N/A,#N/A,Not Available,61,#N/A,,,,,,,Not Available,Not Available,#N/A,,,,,,,Not Available,Not Available,#N/A,,,,,,,Not Available,Not Available,#N/A,,,,,,,Not Available,Not Available,#N/A,,,,,,,Not Available,Not Available,#N/A,,,,,,,Not Available,Not Available,#N/A,,,,,,,Not Available,Not Available,#N/A,,,,,,,Not Available,Not Available,#N/A,,,,,,
141306,COMMUNITY MEMORIAL HOSPITAL,400 CALDWELL,STAUNTON,IL,62088,MACOUPIN,6186352200,Not Available,#N/A,#N/A,#N/A,81,61,Not Available,,,,,,,6,3,Not Available,,,,,,,13,15,Not Available,,,,,,,7,4,Not Available,,,,,,,19,20,Not Available,,,,,,,74,76,Not Available,,,,,,,68,61,Not Available,,,,,,,26,34,Not Available,,,,,,,6,5,Not Available,,,,,,
141307,PINCKNEYVILLE COMMUNITY HOSPITAL,5383 STATE ROUTE 154,PINCKNEYVILLE,IL,62274,PERRY,6183572187,Not Available,#N/A,#N/A,#N/A,61,61,57,,,,,,,8,5,9,,,,,,,31,25,34,,,,,,,10,3,8,,,,,,,17,23,26,,,,,,,73,74,66,,,,,,,65,72,69,,,,,,,30,26,28,,,,,,,5,2,3,,,,,,
11300,WASHINGTON COUNTY HOSPITAL*,14600 ST. STEPHENS AVENUE,CHATOM,AL,36518,WASHINGTON,2518472223,#N/A,#N/A,#N/A,#N/A,#N/A,61,#N/A,,,,,,,#N/A,#N/A,#N/A,,,,,,,#N/A,#N/A,#N/A,,,,,,,#N/A,#N/A,#N/A,,,,,,,#N/A,#N/A,#N/A,,,,,,,#N/A,#N/A,#N/A,,,,,,,#N/A,#N/A,#N/A,,,,,,,#N/A,#N/A,#N/A,,,,,,,#N/A,#N/A,#N/A,,,,,,
141309,ADVOCATE EUREKA  HOSPITAL,101 S MAJOR ST,EUREKA,IL,61530,WOODFORD,3094672371,13,11,12,20,63,61,Not Available,,,,,,,7,7,Not Available,,,,,,,30,33,Not Available,,,,,,,7,4,Not Available,,,,,,,3,10,Not Available,,,,,,,90,86,Not Available,,,,,,,91,88,Not Available,,,,,,,7,12,Not Available,,,,,,,2,0,Not Available,,,,,,
141310,OSF SAINT PAUL MEDICAL CENTER,1401 E 12TH STREET,MENDOTA,IL,61342,LA SALLE,8155397461,Not Available,Not Available,Not Available,Not Available,70,61,67,,,,,,,3,7,4,,,,,,,27,28,29,,,,,,,4,3,4,,,,,,,21,16,15,,,,,,,75,81,81,,,,,,,74,77,72,,,,,,,24,21,25,,,,,,,2,2,3,,,,,,
141311,FAIRFIELD MEMORIAL HOSPITAL 1,303 N W 11TH STREET,FAIRFIELD,IL,62837,WAYNE,6188422611,20,21,23,25,68,61,Not Available,,,,,,,5,8,Not Available,,,,,,,27,25,Not Available,,,,,,,5,6,Not Available,,,,,,,23,27,Not Available,,,,,,,72,67,Not Available,,,,,,,75,68,Not Available,,,,,,,21,30,Not Available,,,,,,,4,2,Not Available,,,,,,
141312,ROCHELLE COMMUNITY HOSPITAL,900 N 2ND ST,ROCHELLE,IL,61068,OGLE,8155622181,Not Available,#N/A,#N/A,#N/A,71,61,67,,,,,,,4,3,2,,,,,,,25,25,31,,,,,,,0,2,2,,,,,,,12,16,24,,,,,,,88,82,74,,,,,,,85,81,72,,,,,,,14,17,26,,,,,,,1,2,2,,,,,,
141313,MASON DISTRICT HOSPITAL,"615 NORTH PROMENADE STREET,P O BOX 530",HAVANA,IL,62644,MASON,3095434431,16,17,22,Not Available,60,61,71,,,,,,,6,2,4,,,,,,,34,21,25,,,,,,,3,2,2,,,,,,,14,9,5,,,,,,,83,89,93,,,,,,,76,87,80,,,,,,,24,12,20,,,,,,,0,1,0,,,,,,
141315,ILLINI COMMUNITY HOSPITAL,640 W WASHINGTON,PITTSFIELD,IL,62363,PIKE,2172852113,22,26,Not Available,Not Available,59,61,72,,,,,,,6,3,4,,,,,,,35,19,24,,,,,,,7,2,6,,,,,,,17,14,16,,,,,,,76,84,78,,,,,,,61,74,71,,,,,,,37,24,29,,,,,,,2,2,0,,,,,,
141316,HOOPESTON COMMUNITY MEMORIAL HOSPITAL,701 EAST ORANGE STREET,HOOPESTON,IL,60942,VERMILION,2172835531,Not Available,Not Available,Not Available,#N/A,68,61,53,,,,,,,10,13,12,,,,,,,22,22,35,,,,,,,4,2,11,,,,,,,18,19,22,,,,,,,78,79,67,,,,,,,81,75,72,,,,,,,17,23,24,,,,,,,2,2,4,,,,,,
141317,GIBSON COMMUNITY HOSPITAL,1120 N MELVIN STREET,GIBSON CITY,IL,60936,FORD,2177844251,Not Available,Not Available,Not Available,Not Available,69,61,69,,,,,,,4,3,4,,,,,,,27,32,27,,,,,,,5,3,3,,,,,,,14,16,11,,,,,,,81,81,86,,,,,,,82,83,85,,,,,,,16,14,13,,,,,,,2,3,2,,,,,,
141318,OSF HOLY FAMILY MEDICAL CENTER,1000 W HARLEM AVENUE,MONMOUTH,IL,61462,WARREN,3097343141,12,16,18,11,67,61,78,,,,,,,1,8,3,,,,,,,32,29,19,,,,,,,1,1,2,,,,,,,4,7,14,,,,,,,95,92,84,,,,,,,82,91,84,,,,,,,17,7,15,,,,,,,1,2,1,,,,,,
141319,HAMMOND HENRY HOSPITAL,600 N COLLEGE AVENUE,GENESEO,IL,61254,HENRY,3099446431,Not Available,Not Available,Not Available,Not Available,65,61,66,,,,,,,6,5,6,,,,,,,29,28,28,,,,,,,4,4,3,,,,,,,15,17,15,,,,,,,81,79,82,,,,,,,78,78,82,,,,,,,20,20,16,,,,,,,2,2,2,,,,,,
141320,PARIS COMMUNITY HOSPITAL,721 E COURT STREET,PARIS,IL,61944,EDGAR,2174654141,18,Not Available,Not Available,Not Available,67,61,64,,,,,,,2,6,4,,,,,,,31,33,32,,,,,,,4,7,6,,,,,,,16,22,18,,,,,,,80,71,76,,,,,,,80,72,68,,,,,,,17,24,31,,,,,,,3,4,1,,,,,,
141321,FRANKLIN HOSPITAL,201 BAILEY LANE,BENTON,IL,62812,FRANKLIN,6184393761,16,21,Not Available,Not Available,67,61,Not Available,,,,,,,9,Not Available,Not Available,,,,,,,24,Not Available,Not Available,,,,,,,5,Not Available,Not Available,,,,,,,16,Not Available,Not Available,,,,,,,79,Not Available,Not Available,,,,,,,66,Not Available,Not Available,,,,,,,30,Not Available,Not Available,,,,,,,4,Not Available,Not Available,,,,,,
141322,ABRAHAM LINCOLN MEMORIAL HOSPITAL,200 STAHLHUT DRIVE,LINCOLN,IL,62656,LOGAN,2177322161,13,21,19,23,69,61,67,,,,,,,3,7,5,,,,,,,28,27,28,,,,,,,4,3,3,,,,,,,13,13,10,,,,,,,83,84,87,,,,,,,84,83,85,,,,,,,13,16,13,,,,,,,3,1,2,,,,,,
141323,MASSAC MEMORIAL HOSPITAL,"28 CHICK STREET, PO BOX 850",METROPOLIS,IL,62960,MASSAC,6185242176,13,Not Available,Not Available,8,78,61,68,,,,,,,0,0,3,,,,,,,22,26,29,,,,,,,2,1,4,,,,,,,12,14,16,,,,,,,86,85,80,,,,,,,82,87,71,,,,,,,17,13,25,,,,,,,1,0,4,,,,,,
141324,FERRELL HOSPITAL COMMUNITY FOUNDATIONS,1201 PINE STREET,ELDORADO,IL,62930,SALINE,6182733361,Not Available,Not Available,Not Available,Not Available,54,61,Not Available,,,,,,,9,7,Not Available,,,,,,,37,29,Not Available,,,,,,,7,7,Not Available,,,,,,,23,17,Not Available,,,,,,,70,76,Not Available,,,,,,,65,71,Not Available,,,,,,,30,26,Not Available,,,,,,,5,3,Not Available,,,,,,
141325,OSF SAINT LUKES MEDICAL CENTER,1051 WEST SOUTH STREET,KEWANEE,IL,61443,HENRY,3098533361,Not Available,#N/A,#N/A,#N/A,74,61,76,,,,,,,3,2,4,,,,,,,23,22,20,,,,,,,6,7,5,,,,,,,14,19,14,,,,,,,80,74,81,,,,,,,82,69,66,,,,,,,16,28,30,,,,,,,2,3,4,,,,,,
141326,HAMILTON MEMORIAL HOSPITAL DISTRICT,611 S MARSHALL AVENUE,MCLEANSBORO,IL,62859,HAMILTON,6186432361,Not Available,#N/A,#N/A,#N/A,61,61,Not Available,,,,,,,3,Not Available,Not Available,,,,,,,36,Not Available,Not Available,,,,,,,8,Not Available,Not Available,,,,,,,29,Not Available,Not Available,,,,,,,63,Not Available,Not Available,,,,,,,59,Not Available,Not Available,,,,,,,34,Not Available,Not Available,,,,,,,7,Not Available,Not Available,,,,,,
141327,WABASH GENERAL HOSPITAL 1,1418 COLLEGE DRIVE,MOUNT CARMEL,IL,62863,WABASH,6182628621,6,Not Available,Not Available,Not Available,71,61,66,,,,,,,1,4,2,,,,,,,28,21,32,,,,,,,3,2,4,,,,,,,15,16,18,,,,,,,82,82,78,,,,,,,81,85,74,,,,,,,18,15,24,,,,,,,1,0,2,,,,,,
141328,HARDIN COUNTY GENERAL HOSPITAL,FERRELL ROAD,ROSICLARE,IL,62982,HARDIN,6182856634,Not Available,Not Available,Not Available,Not Available,54,61,Not Available,,,,,,,4,9,Not Available,,,,,,,42,42,Not Available,,,,,,,3,6,Not Available,,,,,,,23,17,Not Available,,,,,,,74,77,Not Available,,,,,,,83,84,Not Available,,,,,,,14,11,Not Available,,,,,,,3,5,Not Available,,,,,,
141329,MORRISON COMMUNITY HOSPITAL,303 N JACKSON STREET,MORRISON,IL,61270,WHITESIDE,8157724003,0,Not Available,Not Available,Not Available,63,61,74,,,,,,,5,5,4,,,,,,,32,25,22,,,,,,,6,8,9,,,,,,,25,26,27,,,,,,,69,66,64,,,,,,,72,70,63,,,,,,,28,30,30,,,,,,,0,0,7,,,,,,
141330,HOPEDALE MEDICAL COMPLEX,107 TREMONT STREET,HOPEDALE,IL,61747,TAZEWELL,3094493321,15,18,20,Not Available,74,61,Not Available,,,,,,,1,Not Available,Not Available,,,,,,,25,Not Available,Not Available,,,,,,,1,Not Available,Not Available,,,,,,,9,Not Available,Not Available,,,,,,,90,Not Available,Not Available,,,,,,,93,Not Available,Not Available,,,,,,,7,Not Available,Not Available,,,,,,,0,Not Available,Not Available,,,,,,
141331,MARSHALL BROWNING HOSPITAL,900 NORTH WASHINGTON STREET,DU QUOIN,IL,62832,PERRY,6185422146,Not Available,#N/A,#N/A,#N/A,62,61,Not Available,,,,,,,2,5,Not Available,,,,,,,36,30,Not Available,,,,,,,1,10,Not Available,,,,,,,23,20,Not Available,,,,,,,76,70,Not Available,,,,,,,67,53,Not Available,,,,,,,30,38,Not Available,,,,,,,3,9,Not Available,,,,,,
141332,HILLSBORO AREA HOSPITAL,1200 E TREMONT STREET,HILLSBORO,IL,62049,MONTGOMERY,2175326111,26,#N/A,#N/A,#N/A,75,61,73,,,,,,,2,8,7,,,,,,,23,22,20,,,,,,,0,5,4,,,,,,,20,16,14,,,,,,,80,79,82,,,,,,,78,66,82,,,,,,,22,27,15,,,,,,,0,7,3,,,,,,
141333,SARAH D CULBERTSON MEMORIAL HOSPITAL,238 SOUTH CONGRESS STREET,RUSHVILLE,IL,62681,SCHUYLER,2173224321,Not Available,#N/A,#N/A,#N/A,67,61,Not Available,,,,,,,5,4,Not Available,,,,,,,28,32,Not Available,,,,,,,5,13,Not Available,,,,,,,24,25,Not Available,,,,,,,71,62,Not Available,,,,,,,64,56,Not Available,,,,,,,31,37,Not Available,,,,,,,5,7,Not Available,,,,,,
141334,ST JOSEPH MEMORIAL HOSPITAL,2 SOUTH HOSPITAL DRIVE,MURPHYSBORO,IL,62966,JACKSON,6186843156,22,Not Available,Not Available,Not Available,66,61,72,,,,,,,7,3,6,,,,,,,27,27,22,,,,,,,4,1,4,,,,,,,15,15,12,,,,,,,81,84,84,,,,,,,79,86,82,,,,,,,19,14,16,,,,,,,2,0,2,,,,,,
141335,MERCY HARVARD HOSPITAL,901 GRANT STREET,HARVARD,IL,60033,MCHENRY,8159435431,19,20,20,20,Not Available,61,Not Available,,,,,,,Not Available,Not Available,Not Available,,,,,,,Not Available,Not Available,Not Available,,,,,,,Not Available,Not Available,Not Available,,,,,,,Not Available,Not Available,Not Available,,,,,,,Not Available,Not Available,Not Available,,,,,,,Not Available,Not Available,Not Available,,,,,,,Not Available,Not Available,Not Available,,,,,,,Not Available,Not Available,Not Available,,,,,,
30011,ST JOSEPH'S HOSPITAL,350 NORTH WILMOT ROAD,TUCSON,AZ,85711,PIMA,5208733000,#N/A,#N/A,#N/A,#N/A,#N/A,61,#N/A,,,,,,,#N/A,#N/A,#N/A,,,,,,,#N/A,#N/A,#N/A,,,,,,,#N/A,#N/A,#N/A,,,,,,,#N/A,#N/A,#N/A,,,,,,,#N/A,#N/A,#N/A,,,,,,,#N/A,#N/A,#N/A,,,,,,,#N/A,#N/A,#N/A,,,,,,,#N/A,#N/A,#N/A,,,,,,
141337,PERRY MEMORIAL HOSPITAL,530 PARK AVENUE EAST,PRINCETON,IL,61356,BUREAU,8158752811,34,20,Not Available,#N/A,54,61,63,,,,,,,7,6,4,,,,,,,39,35,33,,,,,,,4,8,5,,,,,,,24,23,21,,,,,,,72,69,74,,,,,,,63,64,67,,,,,,,34,32,30,,,,,,,3,4,3,,,,,,
141339,TAYLORVILLE MEMORIAL HOSPITAL,201 EAST PLEASANT STREET,TAYLORVILLE,IL,62568,CHRISTIAN,2178243331,11,13,16,18,53,61,55,,,,,,,7,10,8,,,,,,,40,39,37,,,,,,,5,3,3,,,,,,,19,17,14,,,,,,,76,80,83,,,,,,,75,76,82,,,,,,,22,21,16,,,,,,,3,3,2,,,,,,
141340,VALLEY WEST COMMUNITY HOSPITAL,1301 NORTH MAIN STREET,SANDWICH,IL,60548,DEKALB,8157868484,10,12,19,17,69,61,74,,,,,,,7,7,3,,,,,,,24,25,23,,,,,,,6,4,3,,,,,,,14,16,16,,,,,,,80,80,81,,,,,,,73,74,76,,,,,,,25,23,22,,,,,,,2,3,2,,,,,,
141341,PANA COMMUNITY HOSPITAL,101 E NINTH STREET,PANA,IL,62557,CHRISTIAN,2175622131,Not Available,Not Available,Not Available,Not Available,Not Available,61,Not Available,,,,,,,Not Available,Not Available,Not Available,,,,,,,Not Available,Not Available,Not Available,,,,,,,Not Available,Not Available,Not Available,,,,,,,Not Available,Not Available,Not Available,,,,,,,Not Available,Not Available,Not Available,,,,,,,Not Available,Not Available,Not Available,,,,,,,Not Available,Not Available,Not Available,,,,,,,Not Available,Not Available,Not Available,,,,,,
141342,UNION COUNTY HOSPITAL,517 NORTH MAIN STREET,ANNA,IL,62906,UNION,6188334511,14,15,29,16,73,61,66,,,,,,,9,4,6,,,,,,,18,25,28,,,,,,,6,4,6,,,,,,,17,20,23,,,,,,,77,76,71,,,,,,,73,81,63,,,,,,,24,15,31,,,,,,,3,4,6,,,,,,
141343,CRAWFORD MEMORIAL HOSPITAL,1000 NORTH ALLEN STREET,ROBINSON,IL,62454,CRAWFORD,6185462514,Not Available,#N/A,#N/A,#N/A,66,61,59,,,,,,,4,5,9,,,,,,,30,30,32,,,,,,,2,4,5,,,,,,,21,22,22,,,,,,,77,74,73,,,,,,,78,74,70,,,,,,,21,24,27,,,,,,,1,2,3,,,,,,
141344,LAWRENCE COUNTY MEMORIAL HOSPITAL,2200 STATE ST,LAWRENCEVILLE,IL,62439,LAWRENCE,6189431000,Not Available,#N/A,#N/A,#N/A,54,61,Not Available,,,,,,,13,Not Available,Not Available,,,,,,,33,Not Available,Not Available,,,,,,,9,Not Available,Not Available,,,,,,,22,Not Available,Not Available,,,,,,,69,Not Available,Not Available,,,,,,,67,Not Available,Not Available,,,,,,,29,Not Available,Not Available,,,,,,,4,Not Available,Not Available,,,,,,
141345,SALEM TOWNSHIP HOSPITAL,1201 RICKER DRIVE,SALEM,IL,62881,MARION,6185483194,Not Available,Not Available,Not Available,Not Available,69,61,61,,,,,,,5,7,6,,,,,,,26,39,33,,,,,,,6,2,4,,,,,,,17,19,18,,,,,,,77,79,78,,,,,,,74,74,69,,,,,,,22,25,29,,,,,,,4,1,2,,,,,,
141346,FAYETTE COUNTY HOSPITAL,7TH AND TAYLOR,VANDALIA,IL,62471,FAYETTE,6182831231,Not Available,#N/A,#N/A,#N/A,61,61,Not Available,,,,,,,7,7,Not Available,,,,,,,32,33,Not Available,,,,,,,7,8,Not Available,,,,,,,17,22,Not Available,,,,,,,76,70,Not Available,,,,,,,73,72,Not Available,,,,,,,24,22,Not Available,,,,,,,3,6,Not Available,,,,,,
141347,CARLINVILLE AREA HOSPITAL,20733 N BROAD STREET,CARLINVILLE,IL,62626,MACOUPIN,2178543141,24,Not Available,Not Available,Not Available,75,61,64,,,,,,,3,5,3,,,,,,,22,32,33,,,,,,,2,6,6,,,,,,,8,17,12,,,,,,,90,77,82,,,,,,,89,71,74,,,,,,,11,28,23,,,,,,,0,1,3,,,,,,
141348,RED BUD REGIONAL HOSPITAL,325 SPRING STREET,RED BUD,IL,62278,RANDOLPH,6182823831,20,22,15,13,57,61,61,,,,,,,11,8,13,,,,,,,32,31,26,,,,,,,5,7,3,,,,,,,18,29,30,,,,,,,77,64,67,,,,,,,70,68,66,,,,,,,27,27,30,,,,,,,3,5,4,,,,,,
141349,SPARTA COMMUNITY HOSPITAL,818 E BROADWAY,SPARTA,IL,62286,RANDOLPH,6184432177,Not Available,#N/A,#N/A,#N/A,66,61,71,,,,,,,5,9,7,,,,,,,29,32,22,,,,,,,6,6,8,,,,,,,17,20,24,,,,,,,77,74,68,,,,,,,76,68,53,,,,,,,21,28,41,,,,,,,3,4,6,,,,,,
80003,ST FRANCIS HOSPITAL,7TH AND CLAYTON STS,WILMINGTON,DE,19805,NEW CASTLE,3024214100,#N/A,#N/A,#N/A,#N/A,#N/A,61,#N/A,,,,,,,#N/A,#N/A,#N/A,,,,,,,#N/A,#N/A,#N/A,,,,,,,#N/A,#N/A,#N/A,,,,,,,#N/A,#N/A,#N/A,,,,,,,#N/A,#N/A,#N/A,,,,,,,#N/A,#N/A,#N/A,,,,,,,#N/A,#N/A,#N/A,,,,,,,#N/A,#N/A,#N/A,,,,,,
10073,CLAY COUNTY HOSPITAL,83825 HIGHWAY 9    P O BOX 1270,ASHLAND,AL,36251,CLAY,2563542131,#N/A,#N/A,#N/A,#N/A,#N/A,61,#N/A,,,,,,,#N/A,#N/A,#N/A,,,,,,,#N/A,#N/A,#N/A,,,,,,,#N/A,#N/A,#N/A,,,,,,,#N/A,#N/A,#N/A,,,,,,,#N/A,#N/A,#N/A,,,,,,,#N/A,#N/A,#N/A,,,,,,,#N/A,#N/A,#N/A,,,,,,,#N/A,#N/A,#N/A,,,,,,
143300,ANN & ROBERT H LURIE CHILDRENS HOSPITAL OF CHICAGO,"225 E CHICAGO, BOX 57",CHICAGO,IL,60611,COOK,7738804000,Not Available,#N/A,#N/A,#N/A,Not Available,61,#N/A,,,,,,,Not Available,#N/A,#N/A,,,,,,,Not Available,#N/A,#N/A,,,,,,,Not Available,#N/A,#N/A,,,,,,,Not Available,#N/A,#N/A,,,,,,,Not Available,#N/A,#N/A,,,,,,,Not Available,#N/A,#N/A,,,,,,,Not Available,#N/A,#N/A,,,,,,,Not Available,#N/A,#N/A,,,,,,
143301,LARABIDA CHILDRENS HOSPITAL I,E 65TH ST AT LAKE MICHIGAN,CHICAGO,IL,60649,COOK,7733636700,Not Available,#N/A,#N/A,#N/A,Not Available,61,#N/A,,,,,,,Not Available,#N/A,#N/A,,,,,,,Not Available,#N/A,#N/A,,,,,,,Not Available,#N/A,#N/A,,,,,,,Not Available,#N/A,#N/A,,,,,,,Not Available,#N/A,#N/A,,,,,,,Not Available,#N/A,#N/A,,,,,,,Not Available,#N/A,#N/A,,,,,,,Not Available,#N/A,#N/A,,,,,,
123301,SHRINERS HOSPITAL FOR CHILDREN,1310 PUNAHOU STREET,HONOLULU,HI,96826,HONOLULU,8089414466,#N/A,#N/A,#N/A,#N/A,#N/A,61,#N/A,,,,,,,#N/A,#N/A,#N/A,,,,,,,#N/A,#N/A,#N/A,,,,,,,#N/A,#N/A,#N/A,,,,,,,#N/A,#N/A,#N/A,,,,,,,#N/A,#N/A,#N/A,,,,,,,#N/A,#N/A,#N/A,,,,,,,#N/A,#N/A,#N/A,,,,,,,#N/A,#N/A,#N/A,,,,,,
